thr,FP,FN,FPR,FNR,FP_plus_FN,max_FPR_FNR
0.0,351,0,1.0,0.0,351,1.0
0.002,351,0,1.0,0.0,351,1.0
0.004,351,0,1.0,0.0,351,1.0
0.006,351,0,1.0,0.0,351,1.0
0.008,351,0,1.0,0.0,351,1.0
0.01,351,0,1.0,0.0,351,1.0
0.012,351,0,1.0,0.0,351,1.0
0.014,351,0,1.0,0.0,351,1.0
0.016,351,0,1.0,0.0,351,1.0
0.018000000000000002,350,0,0.9971509971509972,0.0,350,0.9971509971509972
0.02,350,0,0.9971509971509972,0.0,350,0.9971509971509972
0.022,350,0,0.9971509971509972,0.0,350,0.9971509971509972
0.024,350,0,0.9971509971509972,0.0,350,0.9971509971509972
0.026000000000000002,350,0,0.9971509971509972,0.0,350,0.9971509971509972
0.028,350,0,0.9971509971509972,0.0,350,0.9971509971509972
0.03,350,0,0.9971509971509972,0.0,350,0.9971509971509972
0.032,350,0,0.9971509971509972,0.0,350,0.9971509971509972
0.034,349,0,0.9943019943019943,0.0,349,0.9943019943019943
0.036000000000000004,349,0,0.9943019943019943,0.0,349,0.9943019943019943
0.038,349,0,0.9943019943019943,0.0,349,0.9943019943019943
0.04,349,0,0.9943019943019943,0.0,349,0.9943019943019943
0.042,349,0,0.9943019943019943,0.0,349,0.9943019943019943
0.044,349,0,0.9943019943019943,0.0,349,0.9943019943019943
0.046,349,0,0.9943019943019943,0.0,349,0.9943019943019943
0.048,349,0,0.9943019943019943,0.0,349,0.9943019943019943
0.05,349,0,0.9943019943019943,0.0,349,0.9943019943019943
0.052000000000000005,349,0,0.9943019943019943,0.0,349,0.9943019943019943
0.054,348,0,0.9914529914529915,0.0,348,0.9914529914529915
0.056,348,0,0.9914529914529915,0.0,348,0.9914529914529915
0.058,347,0,0.9886039886039886,0.0,347,0.9886039886039886
0.06,347,0,0.9886039886039886,0.0,347,0.9886039886039886
0.062,347,0,0.9886039886039886,0.0,347,0.9886039886039886
0.064,347,0,0.9886039886039886,0.0,347,0.9886039886039886
0.066,347,0,0.9886039886039886,0.0,347,0.9886039886039886
0.068,347,0,0.9886039886039886,0.0,347,0.9886039886039886
0.07,347,0,0.9886039886039886,0.0,347,0.9886039886039886
0.07200000000000001,347,0,0.9886039886039886,0.0,347,0.9886039886039886
0.074,346,0,0.9857549857549858,0.0,346,0.9857549857549858
0.076,345,0,0.9829059829059829,0.0,345,0.9829059829059829
0.078,345,0,0.9829059829059829,0.0,345,0.9829059829059829
0.08,345,0,0.9829059829059829,0.0,345,0.9829059829059829
0.082,345,0,0.9829059829059829,0.0,345,0.9829059829059829
0.084,344,0,0.98005698005698,0.0,344,0.98005698005698
0.08600000000000001,344,0,0.98005698005698,0.0,344,0.98005698005698
0.088,343,0,0.9772079772079773,0.0,343,0.9772079772079773
0.09,341,0,0.9715099715099715,0.0,341,0.9715099715099715
0.092,340,0,0.9686609686609686,0.0,340,0.9686609686609686
0.094,340,0,0.9686609686609686,0.0,340,0.9686609686609686
0.096,340,0,0.9686609686609686,0.0,340,0.9686609686609686
0.098,340,0,0.9686609686609686,0.0,340,0.9686609686609686
0.1,340,0,0.9686609686609686,0.0,340,0.9686609686609686
0.10200000000000001,340,0,0.9686609686609686,0.0,340,0.9686609686609686
0.10400000000000001,340,0,0.9686609686609686,0.0,340,0.9686609686609686
0.106,340,0,0.9686609686609686,0.0,340,0.9686609686609686
0.108,340,0,0.9686609686609686,0.0,340,0.9686609686609686
0.11,338,0,0.9629629629629629,0.0,338,0.9629629629629629
0.112,337,0,0.9601139601139601,0.0,337,0.9601139601139601
0.114,337,0,0.9601139601139601,0.0,337,0.9601139601139601
0.116,336,0,0.9572649572649573,0.0,336,0.9572649572649573
0.11800000000000001,336,0,0.9572649572649573,0.0,336,0.9572649572649573
0.12,336,0,0.9572649572649573,0.0,336,0.9572649572649573
0.122,336,0,0.9572649572649573,0.0,336,0.9572649572649573
0.124,336,0,0.9572649572649573,0.0,336,0.9572649572649573
0.126,336,0,0.9572649572649573,0.0,336,0.9572649572649573
0.128,336,0,0.9572649572649573,0.0,336,0.9572649572649573
0.13,336,0,0.9572649572649573,0.0,336,0.9572649572649573
0.132,336,0,0.9572649572649573,0.0,336,0.9572649572649573
0.134,336,0,0.9572649572649573,0.0,336,0.9572649572649573
0.136,336,0,0.9572649572649573,0.0,336,0.9572649572649573
0.138,335,0,0.9544159544159544,0.0,335,0.9544159544159544
0.14,335,0,0.9544159544159544,0.0,335,0.9544159544159544
0.14200000000000002,335,0,0.9544159544159544,0.0,335,0.9544159544159544
0.14400000000000002,335,0,0.9544159544159544,0.0,335,0.9544159544159544
0.146,332,0,0.9458689458689459,0.0,332,0.9458689458689459
0.148,332,0,0.9458689458689459,0.0,332,0.9458689458689459
0.15,331,0,0.9430199430199431,0.0,331,0.9430199430199431
0.152,329,0,0.9373219373219374,0.0,329,0.9373219373219374
0.154,329,0,0.9373219373219374,0.0,329,0.9373219373219374
0.156,327,0,0.9316239316239316,0.0,327,0.9316239316239316
0.158,325,0,0.9259259259259259,0.0,325,0.9259259259259259
0.16,324,0,0.9230769230769231,0.0,324,0.9230769230769231
0.162,322,0,0.9173789173789174,0.0,322,0.9173789173789174
0.164,322,0,0.9173789173789174,0.0,322,0.9173789173789174
0.166,322,0,0.9173789173789174,0.0,322,0.9173789173789174
0.168,321,0,0.9145299145299145,0.0,321,0.9145299145299145
0.17,321,1,0.9145299145299145,0.0019157088122605363,322,0.9145299145299145
0.17200000000000001,320,1,0.9116809116809117,0.0019157088122605363,321,0.9116809116809117
0.17400000000000002,317,1,0.9031339031339032,0.0019157088122605363,318,0.9031339031339032
0.176,317,1,0.9031339031339032,0.0019157088122605363,318,0.9031339031339032
0.178,316,1,0.9002849002849003,0.0019157088122605363,317,0.9002849002849003
0.18,315,1,0.8974358974358975,0.0019157088122605363,316,0.8974358974358975
0.182,315,1,0.8974358974358975,0.0019157088122605363,316,0.8974358974358975
0.184,314,1,0.8945868945868946,0.0019157088122605363,315,0.8945868945868946
0.186,313,1,0.8917378917378918,0.0019157088122605363,314,0.8917378917378918
0.188,313,1,0.8917378917378918,0.0019157088122605363,314,0.8917378917378918
0.19,313,1,0.8917378917378918,0.0019157088122605363,314,0.8917378917378918
0.192,311,1,0.886039886039886,0.0019157088122605363,312,0.886039886039886
0.194,311,1,0.886039886039886,0.0019157088122605363,312,0.886039886039886
0.196,311,1,0.886039886039886,0.0019157088122605363,312,0.886039886039886
0.198,311,2,0.886039886039886,0.0038314176245210726,313,0.886039886039886
0.2,311,2,0.886039886039886,0.0038314176245210726,313,0.886039886039886
0.202,310,2,0.8831908831908832,0.0038314176245210726,312,0.8831908831908832
0.20400000000000001,310,2,0.8831908831908832,0.0038314176245210726,312,0.8831908831908832
0.20600000000000002,309,2,0.8803418803418803,0.0038314176245210726,311,0.8803418803418803
0.20800000000000002,309,2,0.8803418803418803,0.0038314176245210726,311,0.8803418803418803
0.21,309,2,0.8803418803418803,0.0038314176245210726,311,0.8803418803418803
0.212,309,2,0.8803418803418803,0.0038314176245210726,311,0.8803418803418803
0.214,309,2,0.8803418803418803,0.0038314176245210726,311,0.8803418803418803
0.216,308,3,0.8774928774928775,0.005747126436781609,311,0.8774928774928775
0.218,308,3,0.8774928774928775,0.005747126436781609,311,0.8774928774928775
0.22,308,4,0.8774928774928775,0.007662835249042145,312,0.8774928774928775
0.222,304,5,0.8660968660968661,0.009578544061302681,309,0.8660968660968661
0.224,303,5,0.8632478632478633,0.009578544061302681,308,0.8632478632478633
0.226,303,5,0.8632478632478633,0.009578544061302681,308,0.8632478632478633
0.228,301,5,0.8575498575498576,0.009578544061302681,306,0.8575498575498576
0.23,301,5,0.8575498575498576,0.009578544061302681,306,0.8575498575498576
0.232,299,5,0.8518518518518519,0.009578544061302681,304,0.8518518518518519
0.234,298,5,0.8490028490028491,0.009578544061302681,303,0.8490028490028491
0.23600000000000002,297,5,0.8461538461538461,0.009578544061302681,302,0.8461538461538461
0.23800000000000002,297,6,0.8461538461538461,0.011494252873563218,303,0.8461538461538461
0.24,294,6,0.8376068376068376,0.011494252873563218,300,0.8376068376068376
0.242,294,7,0.8376068376068376,0.013409961685823755,301,0.8376068376068376
0.244,292,7,0.8319088319088319,0.013409961685823755,299,0.8319088319088319
0.246,291,7,0.8290598290598291,0.013409961685823755,298,0.8290598290598291
0.248,289,7,0.8233618233618234,0.013409961685823755,296,0.8233618233618234
0.25,288,7,0.8205128205128205,0.013409961685823755,295,0.8205128205128205
0.252,288,7,0.8205128205128205,0.013409961685823755,295,0.8205128205128205
0.254,285,7,0.811965811965812,0.013409961685823755,292,0.811965811965812
0.256,283,7,0.8062678062678063,0.013409961685823755,290,0.8062678062678063
0.258,279,7,0.7948717948717948,0.013409961685823755,286,0.7948717948717948
0.26,278,7,0.792022792022792,0.013409961685823755,285,0.792022792022792
0.262,278,7,0.792022792022792,0.013409961685823755,285,0.792022792022792
0.264,278,7,0.792022792022792,0.013409961685823755,285,0.792022792022792
0.266,278,7,0.792022792022792,0.013409961685823755,285,0.792022792022792
0.268,277,7,0.7891737891737892,0.013409961685823755,284,0.7891737891737892
0.27,274,7,0.7806267806267806,0.013409961685823755,281,0.7806267806267806
0.272,273,7,0.7777777777777778,0.013409961685823755,280,0.7777777777777778
0.274,272,7,0.7749287749287749,0.013409961685823755,279,0.7749287749287749
0.276,272,7,0.7749287749287749,0.013409961685823755,279,0.7749287749287749
0.278,272,7,0.7749287749287749,0.013409961685823755,279,0.7749287749287749
0.28,272,7,0.7749287749287749,0.013409961685823755,279,0.7749287749287749
0.28200000000000003,272,8,0.7749287749287749,0.01532567049808429,280,0.7749287749287749
0.28400000000000003,272,8,0.7749287749287749,0.01532567049808429,280,0.7749287749287749
0.28600000000000003,271,8,0.7720797720797721,0.01532567049808429,279,0.7720797720797721
0.28800000000000003,270,9,0.7692307692307693,0.017241379310344827,279,0.7692307692307693
0.29,268,9,0.7635327635327636,0.017241379310344827,277,0.7635327635327636
0.292,267,10,0.7606837606837606,0.019157088122605363,277,0.7606837606837606
0.294,266,11,0.7578347578347578,0.0210727969348659,277,0.7578347578347578
0.296,265,11,0.7549857549857549,0.0210727969348659,276,0.7549857549857549
0.298,265,12,0.7549857549857549,0.022988505747126436,277,0.7549857549857549
0.3,263,12,0.7492877492877493,0.022988505747126436,275,0.7492877492877493
0.302,263,12,0.7492877492877493,0.022988505747126436,275,0.7492877492877493
0.304,263,12,0.7492877492877493,0.022988505747126436,275,0.7492877492877493
0.306,262,12,0.7464387464387464,0.022988505747126436,274,0.7464387464387464
0.308,262,13,0.7464387464387464,0.02490421455938697,275,0.7464387464387464
0.31,261,13,0.7435897435897436,0.02490421455938697,274,0.7435897435897436
0.312,261,14,0.7435897435897436,0.02681992337164751,275,0.7435897435897436
0.314,258,14,0.7350427350427351,0.02681992337164751,272,0.7350427350427351
0.316,258,14,0.7350427350427351,0.02681992337164751,272,0.7350427350427351
0.318,254,14,0.7236467236467237,0.02681992337164751,268,0.7236467236467237
0.32,253,14,0.7207977207977208,0.02681992337164751,267,0.7207977207977208
0.322,252,14,0.717948717948718,0.02681992337164751,266,0.717948717948718
0.324,251,14,0.7150997150997151,0.02681992337164751,265,0.7150997150997151
0.326,250,15,0.7122507122507122,0.028735632183908046,265,0.7122507122507122
0.328,249,15,0.7094017094017094,0.028735632183908046,264,0.7094017094017094
0.33,249,16,0.7094017094017094,0.03065134099616858,265,0.7094017094017094
0.332,248,17,0.7065527065527065,0.032567049808429116,265,0.7065527065527065
0.334,246,18,0.7008547008547008,0.034482758620689655,264,0.7008547008547008
0.336,245,18,0.698005698005698,0.034482758620689655,263,0.698005698005698
0.338,243,20,0.6923076923076923,0.038314176245210725,263,0.6923076923076923
0.34,240,20,0.6837606837606838,0.038314176245210725,260,0.6837606837606838
0.342,238,20,0.6780626780626781,0.038314176245210725,258,0.6780626780626781
0.34400000000000003,238,21,0.6780626780626781,0.040229885057471264,259,0.6780626780626781
0.34600000000000003,236,21,0.6723646723646723,0.040229885057471264,257,0.6723646723646723
0.34800000000000003,234,21,0.6666666666666666,0.040229885057471264,255,0.6666666666666666
0.35000000000000003,233,21,0.6638176638176638,0.040229885057471264,254,0.6638176638176638
0.352,231,21,0.6581196581196581,0.040229885057471264,252,0.6581196581196581
0.354,230,21,0.6552706552706553,0.040229885057471264,251,0.6552706552706553
0.356,230,22,0.6552706552706553,0.0421455938697318,252,0.6552706552706553
0.358,230,22,0.6552706552706553,0.0421455938697318,252,0.6552706552706553
0.36,230,22,0.6552706552706553,0.0421455938697318,252,0.6552706552706553
0.362,229,22,0.6524216524216524,0.0421455938697318,251,0.6524216524216524
0.364,224,23,0.6381766381766382,0.044061302681992334,247,0.6381766381766382
0.366,223,23,0.6353276353276354,0.044061302681992334,246,0.6353276353276354
0.368,221,23,0.6296296296296297,0.044061302681992334,244,0.6296296296296297
0.37,219,24,0.6239316239316239,0.04597701149425287,243,0.6239316239316239
0.372,218,24,0.6210826210826211,0.04597701149425287,242,0.6210826210826211
0.374,216,24,0.6153846153846154,0.04597701149425287,240,0.6153846153846154
0.376,216,24,0.6153846153846154,0.04597701149425287,240,0.6153846153846154
0.378,216,24,0.6153846153846154,0.04597701149425287,240,0.6153846153846154
0.38,215,25,0.6125356125356125,0.04789272030651341,240,0.6125356125356125
0.382,215,25,0.6125356125356125,0.04789272030651341,240,0.6125356125356125
0.384,213,26,0.6068376068376068,0.04980842911877394,239,0.6068376068376068
0.386,212,26,0.603988603988604,0.04980842911877394,238,0.603988603988604
0.388,212,26,0.603988603988604,0.04980842911877394,238,0.603988603988604
0.39,211,26,0.6011396011396012,0.04980842911877394,237,0.6011396011396012
0.392,211,27,0.6011396011396012,0.05172413793103448,238,0.6011396011396012
0.394,210,27,0.5982905982905983,0.05172413793103448,237,0.5982905982905983
0.396,209,28,0.5954415954415955,0.05363984674329502,237,0.5954415954415955
0.398,209,28,0.5954415954415955,0.05363984674329502,237,0.5954415954415955
0.4,206,29,0.5868945868945868,0.05555555555555555,235,0.5868945868945868
0.402,206,29,0.5868945868945868,0.05555555555555555,235,0.5868945868945868
0.404,204,29,0.5811965811965812,0.05555555555555555,233,0.5811965811965812
0.406,203,31,0.5783475783475783,0.05938697318007663,234,0.5783475783475783
0.40800000000000003,201,32,0.5726495726495726,0.06130268199233716,233,0.5726495726495726
0.41000000000000003,198,32,0.5641025641025641,0.06130268199233716,230,0.5641025641025641
0.41200000000000003,198,34,0.5641025641025641,0.06513409961685823,232,0.5641025641025641
0.41400000000000003,198,34,0.5641025641025641,0.06513409961685823,232,0.5641025641025641
0.41600000000000004,197,35,0.5612535612535613,0.06704980842911877,232,0.5612535612535613
0.418,195,35,0.5555555555555556,0.06704980842911877,230,0.5555555555555556
0.42,193,35,0.5498575498575499,0.06704980842911877,228,0.5498575498575499
0.422,193,39,0.5498575498575499,0.07471264367816093,232,0.5498575498575499
0.424,191,39,0.5441595441595442,0.07471264367816093,230,0.5441595441595442
0.426,189,39,0.5384615384615384,0.07471264367816093,228,0.5384615384615384
0.428,188,41,0.5356125356125356,0.07854406130268199,229,0.5356125356125356
0.43,187,41,0.5327635327635327,0.07854406130268199,228,0.5327635327635327
0.432,186,43,0.5299145299145299,0.08237547892720307,229,0.5299145299145299
0.434,185,43,0.5270655270655271,0.08237547892720307,228,0.5270655270655271
0.436,185,43,0.5270655270655271,0.08237547892720307,228,0.5270655270655271
0.438,185,43,0.5270655270655271,0.08237547892720307,228,0.5270655270655271
0.44,184,43,0.5242165242165242,0.08237547892720307,227,0.5242165242165242
0.442,180,43,0.5128205128205128,0.08237547892720307,223,0.5128205128205128
0.444,178,44,0.5071225071225072,0.0842911877394636,222,0.5071225071225072
0.446,178,44,0.5071225071225072,0.0842911877394636,222,0.5071225071225072
0.448,178,45,0.5071225071225072,0.08620689655172414,223,0.5071225071225072
0.45,177,47,0.5042735042735043,0.09003831417624521,224,0.5042735042735043
0.452,177,48,0.5042735042735043,0.09195402298850575,225,0.5042735042735043
0.454,176,48,0.5014245014245015,0.09195402298850575,224,0.5014245014245015
0.456,174,49,0.49572649572649574,0.09386973180076628,223,0.49572649572649574
0.458,174,50,0.49572649572649574,0.09578544061302682,224,0.49572649572649574
0.46,173,51,0.4928774928774929,0.09770114942528736,224,0.4928774928774929
0.462,172,53,0.49002849002849,0.10153256704980843,225,0.49002849002849
0.464,172,53,0.49002849002849,0.10153256704980843,225,0.49002849002849
0.466,172,57,0.49002849002849,0.10919540229885058,229,0.49002849002849
0.468,169,59,0.48148148148148145,0.11302681992337164,228,0.48148148148148145
0.47000000000000003,167,59,0.4757834757834758,0.11302681992337164,226,0.4757834757834758
0.47200000000000003,166,60,0.47293447293447294,0.11494252873563218,226,0.47293447293447294
0.47400000000000003,166,60,0.47293447293447294,0.11494252873563218,226,0.47293447293447294
0.47600000000000003,165,60,0.4700854700854701,0.11494252873563218,225,0.4700854700854701
0.47800000000000004,164,62,0.4672364672364672,0.11877394636015326,226,0.4672364672364672
0.48,162,62,0.46153846153846156,0.11877394636015326,224,0.46153846153846156
0.482,162,64,0.46153846153846156,0.12260536398467432,226,0.46153846153846156
0.484,161,65,0.4586894586894587,0.12452107279693486,226,0.4586894586894587
0.486,158,65,0.45014245014245013,0.12452107279693486,223,0.45014245014245013
0.488,158,67,0.45014245014245013,0.12835249042145594,225,0.45014245014245013
0.49,158,67,0.45014245014245013,0.12835249042145594,225,0.45014245014245013
0.492,158,67,0.45014245014245013,0.12835249042145594,225,0.45014245014245013
0.494,155,67,0.4415954415954416,0.12835249042145594,222,0.4415954415954416
0.496,154,69,0.43874643874643876,0.13218390804597702,223,0.43874643874643876
0.498,153,71,0.4358974358974359,0.1360153256704981,224,0.4358974358974359
0.5,150,71,0.42735042735042733,0.1360153256704981,221,0.42735042735042733
0.502,148,72,0.42165242165242167,0.13793103448275862,220,0.42165242165242167
0.504,145,74,0.4131054131054131,0.1417624521072797,219,0.4131054131054131
0.506,143,74,0.4074074074074074,0.1417624521072797,217,0.4074074074074074
0.508,142,77,0.4045584045584046,0.1475095785440613,219,0.4045584045584046
0.51,141,78,0.4017094017094017,0.14942528735632185,219,0.4017094017094017
0.512,139,79,0.396011396011396,0.15134099616858238,218,0.396011396011396
0.514,138,81,0.39316239316239315,0.15517241379310345,219,0.39316239316239315
0.516,136,84,0.38746438746438744,0.16091954022988506,220,0.38746438746438744
0.518,135,85,0.38461538461538464,0.16283524904214558,220,0.38461538461538464
0.52,134,88,0.3817663817663818,0.1685823754789272,222,0.3817663817663818
0.522,133,88,0.3789173789173789,0.1685823754789272,221,0.3789173789173789
0.524,130,88,0.37037037037037035,0.1685823754789272,218,0.37037037037037035
0.526,127,90,0.36182336182336183,0.1724137931034483,217,0.36182336182336183
0.528,126,91,0.358974358974359,0.1743295019157088,217,0.358974358974359
0.53,126,92,0.358974358974359,0.17624521072796934,218,0.358974358974359
0.532,126,93,0.358974358974359,0.1781609195402299,219,0.358974358974359
0.534,125,96,0.3561253561253561,0.1839080459770115,221,0.3561253561253561
0.536,125,97,0.3561253561253561,0.18582375478927204,222,0.3561253561253561
0.538,123,97,0.3504273504273504,0.18582375478927204,220,0.3504273504273504
0.54,123,99,0.3504273504273504,0.1896551724137931,222,0.3504273504273504
0.542,122,100,0.3475783475783476,0.19157088122605365,222,0.3475783475783476
0.544,121,103,0.34472934472934474,0.19731800766283525,224,0.34472934472934474
0.546,120,104,0.3418803418803419,0.19923371647509577,224,0.3418803418803419
0.548,119,106,0.33903133903133903,0.20306513409961685,225,0.33903133903133903
0.55,119,107,0.33903133903133903,0.2049808429118774,226,0.33903133903133903
0.552,119,111,0.33903133903133903,0.21264367816091953,230,0.33903133903133903
0.554,118,113,0.33618233618233617,0.2164750957854406,231,0.33618233618233617
0.556,117,114,0.3333333333333333,0.21839080459770116,231,0.3333333333333333
0.558,116,114,0.33048433048433046,0.21839080459770116,230,0.33048433048433046
0.56,114,116,0.3247863247863248,0.2222222222222222,230,0.3247863247863248
0.562,112,117,0.3190883190883191,0.22413793103448276,229,0.3190883190883191
0.5640000000000001,112,119,0.3190883190883191,0.22796934865900384,231,0.3190883190883191
0.5660000000000001,111,123,0.3162393162393162,0.23563218390804597,234,0.3162393162393162
0.5680000000000001,109,126,0.31054131054131057,0.2413793103448276,235,0.31054131054131057
0.5700000000000001,108,128,0.3076923076923077,0.24521072796934865,236,0.3076923076923077
0.5720000000000001,106,130,0.301994301994302,0.24904214559386972,236,0.301994301994302
0.5740000000000001,106,132,0.301994301994302,0.25287356321839083,238,0.301994301994302
0.5760000000000001,104,133,0.2962962962962963,0.2547892720306513,237,0.2962962962962963
0.578,104,134,0.2962962962962963,0.2567049808429119,238,0.2962962962962963
0.58,104,135,0.2962962962962963,0.25862068965517243,239,0.2962962962962963
0.582,104,138,0.2962962962962963,0.26436781609195403,242,0.2962962962962963
0.584,103,139,0.2934472934472934,0.2662835249042146,242,0.2934472934472934
0.586,103,141,0.2934472934472934,0.27011494252873564,244,0.2934472934472934
0.588,103,142,0.2934472934472934,0.2720306513409962,245,0.2934472934472934
0.59,102,143,0.2905982905982906,0.2739463601532567,245,0.2905982905982906
0.592,101,143,0.28774928774928776,0.2739463601532567,244,0.28774928774928776
0.594,100,143,0.2849002849002849,0.2739463601532567,243,0.2849002849002849
0.596,100,144,0.2849002849002849,0.27586206896551724,244,0.2849002849002849
0.598,99,147,0.28205128205128205,0.28160919540229884,246,0.28205128205128205
0.6,98,147,0.2792022792022792,0.28160919540229884,245,0.28160919540229884
0.602,98,148,0.2792022792022792,0.2835249042145594,246,0.2835249042145594
0.604,97,150,0.27635327635327633,0.28735632183908044,247,0.28735632183908044
0.606,97,152,0.27635327635327633,0.29118773946360155,249,0.29118773946360155
0.608,96,153,0.27350427350427353,0.29310344827586204,249,0.29310344827586204
0.61,95,156,0.2706552706552707,0.2988505747126437,251,0.2988505747126437
0.612,93,159,0.26495726495726496,0.3045977011494253,252,0.3045977011494253
0.614,93,162,0.26495726495726496,0.3103448275862069,255,0.3103448275862069
0.616,93,164,0.26495726495726496,0.31417624521072796,257,0.31417624521072796
0.618,92,164,0.2621082621082621,0.31417624521072796,256,0.31417624521072796
0.62,89,165,0.2535612535612536,0.3160919540229885,254,0.3160919540229885
0.622,86,168,0.245014245014245,0.3218390804597701,254,0.3218390804597701
0.624,83,172,0.23646723646723647,0.32950191570881227,255,0.32950191570881227
0.626,79,175,0.22507122507122507,0.33524904214559387,254,0.33524904214559387
0.628,79,175,0.22507122507122507,0.33524904214559387,254,0.33524904214559387
0.63,77,178,0.21937321937321938,0.34099616858237547,255,0.34099616858237547
0.632,76,180,0.21652421652421652,0.3448275862068966,256,0.3448275862068966
0.634,71,182,0.2022792022792023,0.3486590038314176,253,0.3486590038314176
0.636,70,183,0.19943019943019943,0.3505747126436782,253,0.3505747126436782
0.638,69,185,0.19658119658119658,0.3544061302681992,254,0.3544061302681992
0.64,67,187,0.1908831908831909,0.35823754789272033,254,0.35823754789272033
0.642,66,191,0.18803418803418803,0.36590038314176243,257,0.36590038314176243
0.644,66,194,0.18803418803418803,0.3716475095785441,260,0.3716475095785441
0.646,65,196,0.18518518518518517,0.37547892720306514,261,0.37547892720306514
0.648,65,198,0.18518518518518517,0.3793103448275862,263,0.3793103448275862
0.65,65,200,0.18518518518518517,0.3831417624521073,265,0.3831417624521073
0.652,64,204,0.18233618233618235,0.39080459770114945,268,0.39080459770114945
0.654,62,210,0.17663817663817663,0.40229885057471265,272,0.40229885057471265
0.656,60,211,0.17094017094017094,0.4042145593869732,271,0.4042145593869732
0.658,59,212,0.16809116809116809,0.4061302681992337,271,0.4061302681992337
0.66,57,213,0.1623931623931624,0.40804597701149425,270,0.40804597701149425
0.662,56,217,0.15954415954415954,0.4157088122605364,273,0.4157088122605364
0.664,56,217,0.15954415954415954,0.4157088122605364,273,0.4157088122605364
0.666,56,219,0.15954415954415954,0.41954022988505746,275,0.41954022988505746
0.668,54,222,0.15384615384615385,0.42528735632183906,276,0.42528735632183906
0.67,53,223,0.150997150997151,0.4272030651340996,276,0.4272030651340996
0.672,52,227,0.14814814814814814,0.43486590038314177,279,0.43486590038314177
0.674,51,229,0.1452991452991453,0.4386973180076628,280,0.4386973180076628
0.676,50,231,0.14245014245014245,0.4425287356321839,281,0.4425287356321839
0.678,49,235,0.1396011396011396,0.4501915708812261,284,0.4501915708812261
0.68,49,236,0.1396011396011396,0.4521072796934866,285,0.4521072796934866
0.682,48,238,0.13675213675213677,0.4559386973180077,286,0.4559386973180077
0.684,47,242,0.1339031339031339,0.46360153256704983,289,0.46360153256704983
0.686,47,246,0.1339031339031339,0.47126436781609193,293,0.47126436781609193
0.6880000000000001,45,246,0.1282051282051282,0.47126436781609193,291,0.47126436781609193
0.6900000000000001,43,247,0.1225071225071225,0.4731800766283525,290,0.4731800766283525
0.6920000000000001,42,254,0.11965811965811966,0.48659003831417624,296,0.48659003831417624
0.6940000000000001,42,256,0.11965811965811966,0.4904214559386973,298,0.4904214559386973
0.6960000000000001,41,259,0.1168091168091168,0.49616858237547895,300,0.49616858237547895
0.6980000000000001,40,263,0.11396011396011396,0.5038314176245211,303,0.5038314176245211
0.7000000000000001,40,263,0.11396011396011396,0.5038314176245211,303,0.5038314176245211
0.7020000000000001,40,264,0.11396011396011396,0.5057471264367817,304,0.5057471264367817
0.704,40,265,0.11396011396011396,0.5076628352490421,305,0.5076628352490421
0.706,40,266,0.11396011396011396,0.5095785440613027,306,0.5095785440613027
0.708,37,269,0.10541310541310542,0.5153256704980843,306,0.5153256704980843
0.71,37,270,0.10541310541310542,0.5172413793103449,307,0.5172413793103449
0.712,37,272,0.10541310541310542,0.5210727969348659,309,0.5210727969348659
0.714,37,276,0.10541310541310542,0.5287356321839081,313,0.5287356321839081
0.716,37,279,0.10541310541310542,0.5344827586206896,316,0.5344827586206896
0.718,37,281,0.10541310541310542,0.5383141762452107,318,0.5383141762452107
0.72,36,284,0.10256410256410256,0.5440613026819924,320,0.5440613026819924
0.722,36,287,0.10256410256410256,0.5498084291187739,323,0.5498084291187739
0.724,34,287,0.09686609686609686,0.5498084291187739,321,0.5498084291187739
0.726,33,292,0.09401709401709402,0.5593869731800766,325,0.5593869731800766
0.728,33,296,0.09401709401709402,0.5670498084291188,329,0.5670498084291188
0.73,33,301,0.09401709401709402,0.5766283524904214,334,0.5766283524904214
0.732,32,306,0.09116809116809117,0.5862068965517241,338,0.5862068965517241
0.734,30,308,0.08547008547008547,0.5900383141762452,338,0.5900383141762452
0.736,30,311,0.08547008547008547,0.5957854406130269,341,0.5957854406130269
0.738,30,317,0.08547008547008547,0.60727969348659,347,0.60727969348659
0.74,29,318,0.08262108262108261,0.6091954022988506,347,0.6091954022988506
0.742,28,323,0.07977207977207977,0.6187739463601533,351,0.6187739463601533
0.744,27,326,0.07692307692307693,0.6245210727969349,353,0.6245210727969349
0.746,27,328,0.07692307692307693,0.6283524904214559,355,0.6283524904214559
0.748,26,331,0.07407407407407407,0.6340996168582376,357,0.6340996168582376
0.75,25,332,0.07122507122507123,0.6360153256704981,357,0.6360153256704981
0.752,25,335,0.07122507122507123,0.6417624521072797,360,0.6417624521072797
0.754,25,335,0.07122507122507123,0.6417624521072797,360,0.6417624521072797
0.756,24,337,0.06837606837606838,0.6455938697318008,361,0.6455938697318008
0.758,23,339,0.06552706552706553,0.6494252873563219,362,0.6494252873563219
0.76,22,342,0.06267806267806268,0.6551724137931034,364,0.6551724137931034
0.762,21,345,0.05982905982905983,0.6609195402298851,366,0.6609195402298851
0.764,21,346,0.05982905982905983,0.6628352490421456,367,0.6628352490421456
0.766,20,347,0.05698005698005698,0.6647509578544061,367,0.6647509578544061
0.768,20,349,0.05698005698005698,0.6685823754789272,369,0.6685823754789272
0.77,20,352,0.05698005698005698,0.6743295019157088,372,0.6743295019157088
0.772,20,355,0.05698005698005698,0.6800766283524904,375,0.6800766283524904
0.774,20,355,0.05698005698005698,0.6800766283524904,375,0.6800766283524904
0.776,20,356,0.05698005698005698,0.6819923371647509,376,0.6819923371647509
0.778,20,358,0.05698005698005698,0.685823754789272,378,0.685823754789272
0.78,18,359,0.05128205128205128,0.6877394636015326,377,0.6877394636015326
0.782,17,360,0.04843304843304843,0.6896551724137931,377,0.6896551724137931
0.784,16,366,0.045584045584045586,0.7011494252873564,382,0.7011494252873564
0.786,15,367,0.042735042735042736,0.7030651340996169,382,0.7030651340996169
0.788,13,369,0.037037037037037035,0.7068965517241379,382,0.7068965517241379
0.79,12,371,0.03418803418803419,0.710727969348659,383,0.710727969348659
0.792,12,373,0.03418803418803419,0.7145593869731801,385,0.7145593869731801
0.794,12,378,0.03418803418803419,0.7241379310344828,390,0.7241379310344828
0.796,12,382,0.03418803418803419,0.7318007662835249,394,0.7318007662835249
0.798,12,384,0.03418803418803419,0.735632183908046,396,0.735632183908046
0.8,12,388,0.03418803418803419,0.7432950191570882,400,0.7432950191570882
0.802,11,391,0.03133903133903134,0.7490421455938697,402,0.7490421455938697
0.804,10,393,0.02849002849002849,0.7528735632183908,403,0.7528735632183908
0.806,10,394,0.02849002849002849,0.7547892720306514,404,0.7547892720306514
0.808,10,397,0.02849002849002849,0.7605363984674329,407,0.7605363984674329
0.81,10,400,0.02849002849002849,0.7662835249042146,410,0.7662835249042146
0.812,10,401,0.02849002849002849,0.7681992337164751,411,0.7681992337164751
0.8140000000000001,10,405,0.02849002849002849,0.7758620689655172,415,0.7758620689655172
0.8160000000000001,10,407,0.02849002849002849,0.7796934865900383,417,0.7796934865900383
0.8180000000000001,10,410,0.02849002849002849,0.7854406130268199,420,0.7854406130268199
0.8200000000000001,10,414,0.02849002849002849,0.7931034482758621,424,0.7931034482758621
0.8220000000000001,10,416,0.02849002849002849,0.7969348659003831,426,0.7969348659003831
0.8240000000000001,10,416,0.02849002849002849,0.7969348659003831,426,0.7969348659003831
0.8260000000000001,10,419,0.02849002849002849,0.8026819923371648,429,0.8026819923371648
0.8280000000000001,10,422,0.02849002849002849,0.8084291187739464,432,0.8084291187739464
0.8300000000000001,9,424,0.02564102564102564,0.8122605363984674,433,0.8122605363984674
0.8320000000000001,9,427,0.02564102564102564,0.8180076628352491,436,0.8180076628352491
0.834,7,427,0.019943019943019943,0.8180076628352491,434,0.8180076628352491
0.836,7,430,0.019943019943019943,0.8237547892720306,437,0.8237547892720306
0.838,6,432,0.017094017094017096,0.8275862068965517,438,0.8275862068965517
0.84,6,434,0.017094017094017096,0.8314176245210728,440,0.8314176245210728
0.842,6,434,0.017094017094017096,0.8314176245210728,440,0.8314176245210728
0.844,6,436,0.017094017094017096,0.8352490421455939,442,0.8352490421455939
0.846,6,440,0.017094017094017096,0.842911877394636,446,0.842911877394636
0.848,6,440,0.017094017094017096,0.842911877394636,446,0.842911877394636
0.85,6,441,0.017094017094017096,0.8448275862068966,447,0.8448275862068966
0.852,6,442,0.017094017094017096,0.8467432950191571,448,0.8467432950191571
0.854,6,446,0.017094017094017096,0.8544061302681992,452,0.8544061302681992
0.856,6,446,0.017094017094017096,0.8544061302681992,452,0.8544061302681992
0.858,6,449,0.017094017094017096,0.8601532567049809,455,0.8601532567049809
0.86,6,449,0.017094017094017096,0.8601532567049809,455,0.8601532567049809
0.862,6,450,0.017094017094017096,0.8620689655172413,456,0.8620689655172413
0.864,6,451,0.017094017094017096,0.8639846743295019,457,0.8639846743295019
0.866,6,453,0.017094017094017096,0.867816091954023,459,0.867816091954023
0.868,6,456,0.017094017094017096,0.8735632183908046,462,0.8735632183908046
0.87,6,460,0.017094017094017096,0.8812260536398467,466,0.8812260536398467
0.872,5,460,0.014245014245014245,0.8812260536398467,465,0.8812260536398467
0.874,5,462,0.014245014245014245,0.8850574712643678,467,0.8850574712643678
0.876,5,463,0.014245014245014245,0.8869731800766284,468,0.8869731800766284
0.878,5,465,0.014245014245014245,0.8908045977011494,470,0.8908045977011494
0.88,4,465,0.011396011396011397,0.8908045977011494,469,0.8908045977011494
0.882,4,467,0.011396011396011397,0.8946360153256705,471,0.8946360153256705
0.884,3,468,0.008547008547008548,0.896551724137931,471,0.896551724137931
0.886,3,472,0.008547008547008548,0.9042145593869731,475,0.9042145593869731
0.888,3,472,0.008547008547008548,0.9042145593869731,475,0.9042145593869731
0.89,3,474,0.008547008547008548,0.9080459770114943,477,0.9080459770114943
0.892,3,476,0.008547008547008548,0.9118773946360154,479,0.9118773946360154
0.894,3,479,0.008547008547008548,0.9176245210727969,482,0.9176245210727969
0.896,3,484,0.008547008547008548,0.9272030651340997,487,0.9272030651340997
0.898,3,484,0.008547008547008548,0.9272030651340997,487,0.9272030651340997
0.9,3,486,0.008547008547008548,0.9310344827586207,489,0.9310344827586207
0.902,3,486,0.008547008547008548,0.9310344827586207,489,0.9310344827586207
0.904,3,487,0.008547008547008548,0.9329501915708812,490,0.9329501915708812
0.906,2,489,0.005698005698005698,0.9367816091954023,491,0.9367816091954023
0.908,2,489,0.005698005698005698,0.9367816091954023,491,0.9367816091954023
0.91,2,490,0.005698005698005698,0.9386973180076629,492,0.9386973180076629
0.912,2,491,0.005698005698005698,0.9406130268199234,493,0.9406130268199234
0.914,1,491,0.002849002849002849,0.9406130268199234,492,0.9406130268199234
0.916,1,491,0.002849002849002849,0.9406130268199234,492,0.9406130268199234
0.918,1,491,0.002849002849002849,0.9406130268199234,492,0.9406130268199234
0.92,1,492,0.002849002849002849,0.9425287356321839,493,0.9425287356321839
0.922,1,492,0.002849002849002849,0.9425287356321839,493,0.9425287356321839
0.924,1,495,0.002849002849002849,0.9482758620689655,496,0.9482758620689655
0.926,1,495,0.002849002849002849,0.9482758620689655,496,0.9482758620689655
0.928,1,497,0.002849002849002849,0.9521072796934866,498,0.9521072796934866
0.93,1,498,0.002849002849002849,0.9540229885057471,499,0.9540229885057471
0.932,1,499,0.002849002849002849,0.9559386973180076,500,0.9559386973180076
0.934,1,500,0.002849002849002849,0.9578544061302682,501,0.9578544061302682
0.936,1,500,0.002849002849002849,0.9578544061302682,501,0.9578544061302682
0.9380000000000001,1,500,0.002849002849002849,0.9578544061302682,501,0.9578544061302682
0.9400000000000001,1,501,0.002849002849002849,0.9597701149425287,502,0.9597701149425287
0.9420000000000001,1,501,0.002849002849002849,0.9597701149425287,502,0.9597701149425287
0.9440000000000001,1,503,0.002849002849002849,0.9636015325670498,504,0.9636015325670498
0.9460000000000001,1,503,0.002849002849002849,0.9636015325670498,504,0.9636015325670498
0.9480000000000001,1,504,0.002849002849002849,0.9655172413793104,505,0.9655172413793104
0.9500000000000001,1,506,0.002849002849002849,0.9693486590038314,507,0.9693486590038314
0.9520000000000001,1,507,0.002849002849002849,0.9712643678160919,508,0.9712643678160919
0.9540000000000001,1,508,0.002849002849002849,0.9731800766283525,509,0.9731800766283525
0.9560000000000001,1,509,0.002849002849002849,0.975095785440613,510,0.975095785440613
0.9580000000000001,1,512,0.002849002849002849,0.9808429118773946,513,0.9808429118773946
0.96,1,512,0.002849002849002849,0.9808429118773946,513,0.9808429118773946
0.962,1,512,0.002849002849002849,0.9808429118773946,513,0.9808429118773946
0.964,1,514,0.002849002849002849,0.9846743295019157,515,0.9846743295019157
0.966,1,515,0.002849002849002849,0.9865900383141762,516,0.9865900383141762
0.968,1,515,0.002849002849002849,0.9865900383141762,516,0.9865900383141762
0.97,1,515,0.002849002849002849,0.9865900383141762,516,0.9865900383141762
0.972,1,516,0.002849002849002849,0.9885057471264368,517,0.9885057471264368
0.974,1,517,0.002849002849002849,0.9904214559386973,518,0.9904214559386973
0.976,1,517,0.002849002849002849,0.9904214559386973,518,0.9904214559386973
0.978,1,517,0.002849002849002849,0.9904214559386973,518,0.9904214559386973
0.98,0,518,0.0,0.9923371647509579,518,0.9923371647509579
0.982,0,518,0.0,0.9923371647509579,518,0.9923371647509579
0.984,0,520,0.0,0.9961685823754789,520,0.9961685823754789
0.986,0,520,0.0,0.9961685823754789,520,0.9961685823754789
0.988,0,521,0.0,0.9980842911877394,521,0.9980842911877394
0.99,0,521,0.0,0.9980842911877394,521,0.9980842911877394
0.992,0,521,0.0,0.9980842911877394,521,0.9980842911877394
0.994,0,522,0.0,1.0,522,1.0
0.996,0,522,0.0,1.0,522,1.0
0.998,0,522,0.0,1.0,522,1.0
1.0,0,522,0.0,1.0,522,1.0
